id_evento_producao,data_evento,quantidade_produzida,id_evento_turno,oee,produtividade,qualidade,taxa_producao,tempo_rodando_segundo,qtd_batelada,id_evento_turno_atual,id_application_client,id_turno_estatico,data_inicio,data_fim
2306897,2026-04-13 00:00:00,741.0,7681,0.93,9.61,100.0,5.3,300,2,7681,C6C15CC5-DD0F-4CA2-B362-CF8F7E92B5E7,3,2026-04-12 21:00:00.0000000,2026-04-13 05:00:00.0000000
2307185,2026-04-13 00:00:00,0.0,7681,0.14,3.98,100.0,1.2,0,0,7681,C6C15CC5-DD0F-4CA2-B362-CF8F7E92B5E7,3,2026-04-12 21:00:00.0000000,2026-04-13 05:00:00.0000000
2307473,2026-04-13 00:00:00,1124.94,7681,0.13,5.45,100.0,1.7,300,1,7681,C6C15CC5-DD0F-4CA2-B362-CF8F7E92B5E7,3,2026-04-12 21:00:00.0000000,2026-04-13 05:00:00.0000000
2307761,2026-04-13 00:00:00,301.0,7681,0.09,2.73,100.0,2.0,300,1,7681,C6C15CC5-DD0F-4CA2-B362-CF8F7E92B5E7,3,2026-04-12 21:00:00.0000000,2026-04-13 05:00:00.0000000
2307762,2026-04-13 00:05:00,0.0,7681,0.09,2.73,100.0,2.0,0,0,7681,C6C15CC5-DD0F-4CA2-B362-CF8F7E92B5E7,3,2026-04-12 21:00:00.0000000,2026-04-13 05:00:00.0000000
2307474,2026-04-13 00:05:00,0.0,7681,0.15,5.45,100.0,1.7,0,0,7681,C6C15CC5-DD0F-4CA2-B362-CF8F7E92B5E7,3,2026-04-12 21:00:00.0000000,2026-04-13 05:00:00.0000000
2307186,2026-04-13 00:05:00,0.0,7681,0.14,3.98,100.0,1.2,0,0,7681,C6C15CC5-DD0F-4CA2-B362-CF8F7E92B5E7,3,2026-04-12 21:00:00.0000000,2026-04-13 05:00:00.0000000
2306898,2026-04-13 00:05:00,450.7,7681,1.02,10.13,100.0,5.4,300,2,7681,C6C15CC5-DD0F-4CA2-B362-CF8F7E92B5E7,3,2026-04-12 21:00:00.0000000,2026-04-13 05:00:00.0000000
2306899,2026-04-13 00:10:00,848.2,7681,1.08,10.4,100.0,5.4,300,3,7681,C6C15CC5-DD0F-4CA2-B362-CF8F7E92B5E7,3,2026-04-12 21:00:00.0000000,2026-04-13 05:00:00.0000000
2307187,2026-04-13 00:10:00,0.0,7681,0.14,3.98,100.0,1.2,0,0,7681,C6C15CC5-DD0F-4CA2-B362-CF8F7E92B5E7,3,2026-04-12 21:00:00.0000000,2026-04-13 05:00:00.0000000
2307475,2026-04-13 00:10:00,0.0,7681,0.15,5.45,100.0,1.6,300,0,7681,C6C15CC5-DD0F-4CA2-B362-CF8F7E92B5E7,3,2026-04-12 21:00:00.0000000,2026-04-13 05:00:00.0000000
2307763,2026-04-13 00:10:00,610.5,7681,0.1,2.87,100.0,2.0,300,2,7681,C6C15CC5-DD0F-4CA2-B362-CF8F7E92B5E7,3,2026-04-12 21:00:00.0000000,2026-04-13 05:00:00.0000000
2307764,2026-04-13 00:15:00,616.5,7681,0.12,3.27,100.0,2.3,300,2,7681,C6C15CC5-DD0F-4CA2-B362-CF8F7E92B5E7,3,2026-04-12 21:00:00.0000000,2026-04-13 05:00:00.0000000
2307476,2026-04-13 00:15:00,0.0,7681,0.17,5.45,100.0,1.6,0,0,7681,C6C15CC5-DD0F-4CA2-B362-CF8F7E92B5E7,3,2026-04-12 21:00:00.0000000,2026-04-13 05:00:00.0000000
2307188,2026-04-13 00:15:00,560.4,7681,0.16,4.57,100.0,1.3,300,3,7681,C6C15CC5-DD0F-4CA2-B362-CF8F7E92B5E7,3,2026-04-12 21:00:00.0000000,2026-04-13 05:00:00.0000000
2306900,2026-04-13 00:15:00,407.7,7681,1.17,10.88,100.0,5.5,300,2,7681,C6C15CC5-DD0F-4CA2-B362-CF8F7E92B5E7,3,2026-04-12 21:00:00.0000000,2026-04-13 05:00:00.0000000
2306901,2026-04-13 00:20:00,882.8,7681,1.27,11.4,100.0,5.6,300,3,7681,C6C15CC5-DD0F-4CA2-B362-CF8F7E92B5E7,3,2026-04-12 21:00:00.0000000,2026-04-13 05:00:00.0000000
2307189,2026-04-13 00:20:00,0.0,7681,0.17,4.57,100.0,1.3,0,0,7681,C6C15CC5-DD0F-4CA2-B362-CF8F7E92B5E7,3,2026-04-12 21:00:00.0000000,2026-04-13 05:00:00.0000000
2307477,2026-04-13 00:20:00,0.0,7681,0.17,5.45,100.0,1.5,0,0,7681,C6C15CC5-DD0F-4CA2-B362-CF8F7E92B5E7,3,2026-04-12 21:00:00.0000000,2026-04-13 05:00:00.0000000
2307765,2026-04-13 00:20:00,178.0,7681,0.14,3.27,100.0,2.2,300,1,7681,C6C15CC5-DD0F-4CA2-B362-CF8F7E92B5E7,3,2026-04-12 21:00:00.0000000,2026-04-13 05:00:00.0000000
2307766,2026-04-13 00:25:00,0.0,7681,0.15,3.35,100.0,2.2,0,0,7681,C6C15CC5-DD0F-4CA2-B362-CF8F7E92B5E7,3,2026-04-12 21:00:00.0000000,2026-04-13 05:00:00.0000000
2307478,2026-04-13 00:25:00,0.0,7681,0.17,5.45,100.0,1.5,0,0,7681,C6C15CC5-DD0F-4CA2-B362-CF8F7E92B5E7,3,2026-04-12 21:00:00.0000000,2026-04-13 05:00:00.0000000
2307190,2026-04-13 00:25:00,0.0,7681,0.17,4.57,100.0,1.3,0,0,7681,C6C15CC5-DD0F-4CA2-B362-CF8F7E92B5E7,3,2026-04-12 21:00:00.0000000,2026-04-13 05:00:00.0000000
2306902,2026-04-13 00:25:00,665.4,7681,1.33,11.62,100.0,5.7,300,2,7681,C6C15CC5-DD0F-4CA2-B362-CF8F7E92B5E7,3,2026-04-12 21:00:00.0000000,2026-04-13 05:00:00.0000000
2306903,2026-04-13 00:30:00,561.9,7681,1.41,11.91,100.0,5.6,300,2,7681,C6C15CC5-DD0F-4CA2-B362-CF8F7E92B5E7,3,2026-04-12 21:00:00.0000000,2026-04-13 05:00:00.0000000
2307191,2026-04-13 00:30:00,543.7,7681,0.19,4.93,100.0,1.3,300,3,7681,C6C15CC5-DD0F-4CA2-B362-CF8F7E92B5E7,3,2026-04-12 21:00:00.0000000,2026-04-13 05:00:00.0000000
2307479,2026-04-13 00:30:00,0.0,7681,0.17,5.45,100.0,1.5,0,0,7681,C6C15CC5-DD0F-4CA2-B362-CF8F7E92B5E7,3,2026-04-12 21:00:00.0000000,2026-04-13 05:00:00.0000000
2307767,2026-04-13 00:30:00,0.0,7681,0.15,3.35,100.0,2.1,0,0,7681,C6C15CC5-DD0F-4CA2-B362-CF8F7E92B5E7,3,2026-04-12 21:00:00.0000000,2026-04-13 05:00:00.0000000
2307768,2026-04-13 00:35:00,0.0,7681,0.15,3.35,100.0,2.1,0,0,7681,C6C15CC5-DD0F-4CA2-B362-CF8F7E92B5E7,3,2026-04-12 21:00:00.0000000,2026-04-13 05:00:00.0000000
2307480,2026-04-13 00:35:00,0.0,7681,0.17,5.45,100.0,1.4,0,0,7681,C6C15CC5-DD0F-4CA2-B362-CF8F7E92B5E7,3,2026-04-12 21:00:00.0000000,2026-04-13 05:00:00.0000000
2307192,2026-04-13 00:35:00,560.3,7681,0.23,5.52,100.0,1.5,300,3,7681,C6C15CC5-DD0F-4CA2-B362-CF8F7E92B5E7,3,2026-04-12 21:00:00.0000000,2026-04-13 05:00:00.0000000
2306904,2026-04-13 00:35:00,825.3,7681,1.51,12.42,100.0,5.7,300,3,7681,C6C15CC5-DD0F-4CA2-B362-CF8F7E92B5E7,3,2026-04-12 21:00:00.0000000,2026-04-13 05:00:00.0000000
2306905,2026-04-13 00:40:00,485.7,7681,1.61,12.91,100.0,5.8,300,2,7681,C6C15CC5-DD0F-4CA2-B362-CF8F7E92B5E7,3,2026-04-12 21:00:00.0000000,2026-04-13 05:00:00.0000000
2307193,2026-04-13 00:40:00,361.9,7681,0.27,5.93,100.0,1.5,300,2,7681,C6C15CC5-DD0F-4CA2-B362-CF8F7E92B5E7,3,2026-04-12 21:00:00.0000000,2026-04-13 05:00:00.0000000
2307481,2026-04-13 00:40:00,0.0,7681,0.17,5.45,100.0,1.4,0,0,7681,C6C15CC5-DD0F-4CA2-B362-CF8F7E92B5E7,3,2026-04-12 21:00:00.0000000,2026-04-13 05:00:00.0000000
2307769,2026-04-13 00:40:00,0.0,7681,0.15,3.35,100.0,2.0,0,0,7681,C6C15CC5-DD0F-4CA2-B362-CF8F7E92B5E7,3,2026-04-12 21:00:00.0000000,2026-04-13 05:00:00.0000000
2307770,2026-04-13 00:45:00,0.0,7681,0.15,3.35,100.0,2.0,0,0,7681,C6C15CC5-DD0F-4CA2-B362-CF8F7E92B5E7,3,2026-04-12 21:00:00.0000000,2026-04-13 05:00:00.0000000
2307482,2026-04-13 00:45:00,0.0,7681,0.17,5.45,100.0,1.4,0,0,7681,C6C15CC5-DD0F-4CA2-B362-CF8F7E92B5E7,3,2026-04-12 21:00:00.0000000,2026-04-13 05:00:00.0000000
2307194,2026-04-13 00:45:00,395.9,7681,0.32,6.51,100.0,1.6,300,2,7681,C6C15CC5-DD0F-4CA2-B362-CF8F7E92B5E7,3,2026-04-12 21:00:00.0000000,2026-04-13 05:00:00.0000000
2306906,2026-04-13 00:45:00,757.8,7681,1.71,13.31,100.0,5.9,300,3,7681,C6C15CC5-DD0F-4CA2-B362-CF8F7E92B5E7,3,2026-04-12 21:00:00.0000000,2026-04-13 05:00:00.0000000
2306907,2026-04-13 00:50:00,764.2,7681,1.8,13.63,100.0,5.9,300,2,7681,C6C15CC5-DD0F-4CA2-B362-CF8F7E92B5E7,3,2026-04-12 21:00:00.0000000,2026-04-13 05:00:00.0000000
2307195,2026-04-13 00:50:00,713.6,7681,0.37,7.07,100.0,1.8,300,4,7681,C6C15CC5-DD0F-4CA2-B362-CF8F7E92B5E7,3,2026-04-12 21:00:00.0000000,2026-04-13 05:00:00.0000000
2307483,2026-04-13 00:50:00,0.0,7681,0.17,5.45,100.0,1.3,0,0,7681,C6C15CC5-DD0F-4CA2-B362-CF8F7E92B5E7,3,2026-04-12 21:00:00.0000000,2026-04-13 05:00:00.0000000
2307771,2026-04-13 00:50:00,0.0,7681,0.15,3.35,100.0,2.0,0,0,7681,C6C15CC5-DD0F-4CA2-B362-CF8F7E92B5E7,3,2026-04-12 21:00:00.0000000,2026-04-13 05:00:00.0000000
2307772,2026-04-13 00:55:00,0.0,7681,0.15,3.35,100.0,1.9,0,0,7681,C6C15CC5-DD0F-4CA2-B362-CF8F7E92B5E7,3,2026-04-12 21:00:00.0000000,2026-04-13 05:00:00.0000000
2307484,2026-04-13 00:55:00,0.0,7681,0.17,5.45,100.0,1.3,0,0,7681,C6C15CC5-DD0F-4CA2-B362-CF8F7E92B5E7,3,2026-04-12 21:00:00.0000000,2026-04-13 05:00:00.0000000
2307196,2026-04-13 00:55:00,350.1,7681,0.42,7.62,100.0,1.8,300,2,7681,C6C15CC5-DD0F-4CA2-B362-CF8F7E92B5E7,3,2026-04-12 21:00:00.0000000,2026-04-13 05:00:00.0000000
2306908,2026-04-13 00:55:00,298.6,7681,1.9,14.0,100.0,5.8,300,2,7681,C6C15CC5-DD0F-4CA2-B362-CF8F7E92B5E7,3,2026-04-12 21:00:00.0000000,2026-04-13 05:00:00.0000000
2306909,2026-04-13 01:00:00,966.2,7681,1.99,14.32,100.0,5.9,300,3,7681,C6C15CC5-DD0F-4CA2-B362-CF8F7E92B5E7,3,2026-04-12 21:00:00.0000000,2026-04-13 05:00:00.0000000
2307197,2026-04-13 01:00:00,357.1,7681,0.47,7.99,100.0,1.9,300,2,7681,C6C15CC5-DD0F-4CA2-B362-CF8F7E92B5E7,3,2026-04-12 21:00:00.0000000,2026-04-13 05:00:00.0000000
2307485,2026-04-13 01:00:00,0.0,7681,0.17,5.45,100.0,1.3,0,0,7681,C6C15CC5-DD0F-4CA2-B362-CF8F7E92B5E7,3,2026-04-12 21:00:00.0000000,2026-04-13 05:00:00.0000000
2307773,2026-04-13 01:00:00,0.0,7681,0.15,3.35,100.0,1.9,0,0,7681,C6C15CC5-DD0F-4CA2-B362-CF8F7E92B5E7,3,2026-04-12 21:00:00.0000000,2026-04-13 05:00:00.0000000
2307774,2026-04-13 01:05:00,0.0,7681,0.15,3.35,100.0,1.8,0,0,7681,C6C15CC5-DD0F-4CA2-B362-CF8F7E92B5E7,3,2026-04-12 21:00:00.0000000,2026-04-13 05:00:00.0000000
2307486,2026-04-13 01:05:00,562.25,7681,0.19,6.04,100.0,1.4,300,1,7681,C6C15CC5-DD0F-4CA2-B362-CF8F7E92B5E7,3,2026-04-12 21:00:00.0000000,2026-04-13 05:00:00.0000000
2307198,2026-04-13 01:05:00,545.5,7681,0.52,8.39,100.0,2.0,300,3,7681,C6C15CC5-DD0F-4CA2-B362-CF8F7E92B5E7,3,2026-04-12 21:00:00.0000000,2026-04-13 05:00:00.0000000
2306910,2026-04-13 01:05:00,419.7,7681,2.11,14.82,100.0,6.0,300,2,7681,C6C15CC5-DD0F-4CA2-B362-CF8F7E92B5E7,3,2026-04-12 21:00:00.0000000,2026-04-13 05:00:00.0000000
2306911,2026-04-13 01:10:00,854.2,7681,2.22,15.22,100.0,6.0,300,3,7681,C6C15CC5-DD0F-4CA2-B362-CF8F7E92B5E7,3,2026-04-12 21:00:00.0000000,2026-04-13 05:00:00.0000000
2307199,2026-04-13 01:10:00,581.6,7681,0.6,9.16,100.0,2.1,300,3,7681,C6C15CC5-DD0F-4CA2-B362-CF8F7E92B5E7,3,2026-04-12 21:00:00.0000000,2026-04-13 05:00:00.0000000
2307487,2026-04-13 01:10:00,0.0,7681,0.21,6.04,100.0,1.4,0,0,7681,C6C15CC5-DD0F-4CA2-B362-CF8F7E92B5E7,3,2026-04-12 21:00:00.0000000,2026-04-13 05:00:00.0000000
2307775,2026-04-13 01:10:00,0.0,7681,0.15,3.35,100.0,1.8,0,0,7681,C6C15CC5-DD0F-4CA2-B362-CF8F7E92B5E7,3,2026-04-12 21:00:00.0000000,2026-04-13 05:00:00.0000000
2307776,2026-04-13 01:15:00,420.0,7681,0.15,3.35,100.0,1.8,300,1,7681,C6C15CC5-DD0F-4CA2-B362-CF8F7E92B5E7,3,2026-04-12 21:00:00.0000000,2026-04-13 05:00:00.0000000
2307488,2026-04-13 01:15:00,0.0,7681,0.21,6.04,100.0,1.3,0,0,7681,C6C15CC5-DD0F-4CA2-B362-CF8F7E92B5E7,3,2026-04-12 21:00:00.0000000,2026-04-13 05:00:00.0000000
2307200,2026-04-13 01:15:00,349.7,7681,0.65,9.33,100.0,2.1,300,2,7681,C6C15CC5-DD0F-4CA2-B362-CF8F7E92B5E7,3,2026-04-12 21:00:00.0000000,2026-04-13 05:00:00.0000000
2306912,2026-04-13 01:15:00,306.6,7681,2.32,15.51,100.0,6.0,300,1,7681,C6C15CC5-DD0F-4CA2-B362-CF8F7E92B5E7,3,2026-04-12 21:00:00.0000000,2026-04-13 05:00:00.0000000
2306913,2026-04-13 01:20:00,0.0,7681,2.37,15.51,100.0,6.0,0,0,7681,C6C15CC5-DD0F-4CA2-B362-CF8F7E92B5E7,3,2026-04-12 21:00:00.0000000,2026-04-13 05:00:00.0000000
2307201,2026-04-13 01:20:00,553.3,7681,0.72,9.9,100.0,2.2,300,3,7681,C6C15CC5-DD0F-4CA2-B362-CF8F7E92B5E7,3,2026-04-12 21:00:00.0000000,2026-04-13 05:00:00.0000000
2307489,2026-04-13 01:20:00,0.0,7681,0.21,6.04,100.0,1.3,0,0,7681,C6C15CC5-DD0F-4CA2-B362-CF8F7E92B5E7,3,2026-04-12 21:00:00.0000000,2026-04-13 05:00:00.0000000
2307777,2026-04-13 01:20:00,716.5,7681,0.19,3.85,100.0,2.0,300,2,7681,C6C15CC5-DD0F-4CA2-B362-CF8F7E92B5E7,3,2026-04-12 21:00:00.0000000,2026-04-13 05:00:00.0000000
2307778,2026-04-13 01:25:00,622.0,7681,0.21,4.12,100.0,2.1,300,2,7681,C6C15CC5-DD0F-4CA2-B362-CF8F7E92B5E7,3,2026-04-12 21:00:00.0000000,2026-04-13 05:00:00.0000000
2307490,2026-04-13 01:25:00,0.0,7681,0.21,6.04,100.0,1.3,0,0,7681,C6C15CC5-DD0F-4CA2-B362-CF8F7E92B5E7,3,2026-04-12 21:00:00.0000000,2026-04-13 05:00:00.0000000
2307202,2026-04-13 01:25:00,361.5,7681,0.8,10.48,100.0,2.3,300,2,7681,C6C15CC5-DD0F-4CA2-B362-CF8F7E92B5E7,3,2026-04-12 21:00:00.0000000,2026-04-13 05:00:00.0000000
2306914,2026-04-13 01:25:00,1015.0,7681,2.43,15.93,100.0,6.0,300,3,7681,C6C15CC5-DD0F-4CA2-B362-CF8F7E92B5E7,3,2026-04-12 21:00:00.0000000,2026-04-13 05:00:00.0000000
2306915,2026-04-13 01:30:00,1045.6,7681,2.61,16.74,100.0,6.1,300,3,7681,C6C15CC5-DD0F-4CA2-B362-CF8F7E92B5E7,3,2026-04-12 21:00:00.0000000,2026-04-13 05:00:00.0000000
2307203,2026-04-13 01:30:00,553.1,7681,0.88,11.06,100.0,2.3,300,3,7681,C6C15CC5-DD0F-4CA2-B362-CF8F7E92B5E7,3,2026-04-12 21:00:00.0000000,2026-04-13 05:00:00.0000000
2307491,2026-04-13 01:30:00,0.0,7681,0.21,6.04,100.0,1.3,0,0,7681,C6C15CC5-DD0F-4CA2-B362-CF8F7E92B5E7,3,2026-04-12 21:00:00.0000000,2026-04-13 05:00:00.0000000
2307779,2026-04-13 01:30:00,902.5,7681,0.24,4.38,100.0,2.2,300,3,7681,C6C15CC5-DD0F-4CA2-B362-CF8F7E92B5E7,3,2026-04-12 21:00:00.0000000,2026-04-13 05:00:00.0000000
2307780,2026-04-13 01:35:00,603.5,7681,0.27,4.65,100.0,2.3,300,2,7681,C6C15CC5-DD0F-4CA2-B362-CF8F7E92B5E7,3,2026-04-12 21:00:00.0000000,2026-04-13 05:00:00.0000000
2307492,2026-04-13 01:35:00,0.0,7681,0.21,6.04,100.0,1.3,0,0,7681,C6C15CC5-DD0F-4CA2-B362-CF8F7E92B5E7,3,2026-04-12 21:00:00.0000000,2026-04-13 05:00:00.0000000
2307204,2026-04-13 01:35:00,551.5,7681,0.95,11.43,100.0,2.4,300,3,7681,C6C15CC5-DD0F-4CA2-B362-CF8F7E92B5E7,3,2026-04-12 21:00:00.0000000,2026-04-13 05:00:00.0000000
2306916,2026-04-13 01:35:00,807.6,7681,2.72,17.03,100.0,6.2,300,3,7681,C6C15CC5-DD0F-4CA2-B362-CF8F7E92B5E7,3,2026-04-12 21:00:00.0000000,2026-04-13 05:00:00.0000000
2306917,2026-04-13 01:40:00,883.8,7681,2.86,17.51,100.0,6.2,300,3,7681,C6C15CC5-DD0F-4CA2-B362-CF8F7E92B5E7,3,2026-04-12 21:00:00.0000000,2026-04-13 05:00:00.0000000
2307205,2026-04-13 01:40:00,571.9,7681,1.04,11.98,100.0,2.4,300,3,7681,C6C15CC5-DD0F-4CA2-B362-CF8F7E92B5E7,3,2026-04-12 21:00:00.0000000,2026-04-13 05:00:00.0000000
2307493,2026-04-13 01:40:00,0.0,7681,0.21,6.04,100.0,1.2,0,0,7681,C6C15CC5-DD0F-4CA2-B362-CF8F7E92B5E7,3,2026-04-12 21:00:00.0000000,2026-04-13 05:00:00.0000000
2307781,2026-04-13 01:40:00,911.5,7681,0.32,5.05,100.0,2.4,300,3,7681,C6C15CC5-DD0F-4CA2-B362-CF8F7E92B5E7,3,2026-04-12 21:00:00.0000000,2026-04-13 05:00:00.0000000
2307782,2026-04-13 01:45:00,620.0,7681,0.36,5.45,100.0,2.5,300,2,7681,C6C15CC5-DD0F-4CA2-B362-CF8F7E92B5E7,3,2026-04-12 21:00:00.0000000,2026-04-13 05:00:00.0000000
2307494,2026-04-13 01:45:00,0.0,7681,0.21,6.04,100.0,1.2,0,0,7681,C6C15CC5-DD0F-4CA2-B362-CF8F7E92B5E7,3,2026-04-12 21:00:00.0000000,2026-04-13 05:00:00.0000000
2307206,2026-04-13 01:45:00,0.0,7681,1.1,12.23,100.0,2.4,0,0,7681,C6C15CC5-DD0F-4CA2-B362-CF8F7E92B5E7,3,2026-04-12 21:00:00.0000000,2026-04-13 05:00:00.0000000
2306918,2026-04-13 01:45:00,395.8,7681,3.0,17.98,100.0,6.3,300,2,7681,C6C15CC5-DD0F-4CA2-B362-CF8F7E92B5E7,3,2026-04-12 21:00:00.0000000,2026-04-13 05:00:00.0000000
2306919,2026-04-13 01:50:00,1073.2,7681,3.13,18.38,100.0,6.3,300,3,7681,C6C15CC5-DD0F-4CA2-B362-CF8F7E92B5E7,3,2026-04-12 21:00:00.0000000,2026-04-13 05:00:00.0000000
2307207,2026-04-13 01:50:00,0.0,7681,1.1,12.23,100.0,2.4,300,0,7681,C6C15CC5-DD0F-4CA2-B362-CF8F7E92B5E7,3,2026-04-12 21:00:00.0000000,2026-04-13 05:00:00.0000000
2307495,2026-04-13 01:50:00,0.0,7681,0.21,6.04,100.0,1.2,0,0,7681,C6C15CC5-DD0F-4CA2-B362-CF8F7E92B5E7,3,2026-04-12 21:00:00.0000000,2026-04-13 05:00:00.0000000
2307783,2026-04-13 01:50:00,933.0,7681,0.4,5.72,100.0,2.7,300,3,7681,C6C15CC5-DD0F-4CA2-B362-CF8F7E92B5E7,3,2026-04-12 21:00:00.0000000,2026-04-13 05:00:00.0000000
2307784,2026-04-13 01:55:00,616.5,7681,0.45,6.13,100.0,2.8,300,2,7681,C6C15CC5-DD0F-4CA2-B362-CF8F7E92B5E7,3,2026-04-12 21:00:00.0000000,2026-04-13 05:00:00.0000000
2307496,2026-04-13 01:55:00,0.0,7681,0.21,6.04,100.0,1.2,0,0,7681,C6C15CC5-DD0F-4CA2-B362-CF8F7E92B5E7,3,2026-04-12 21:00:00.0000000,2026-04-13 05:00:00.0000000
2307208,2026-04-13 01:55:00,759.1,7681,1.2,12.8,100.0,2.5,300,4,7681,C6C15CC5-DD0F-4CA2-B362-CF8F7E92B5E7,3,2026-04-12 21:00:00.0000000,2026-04-13 05:00:00.0000000
2306920,2026-04-13 01:55:00,605.0,7681,3.29,18.98,100.0,6.4,300,2,7681,C6C15CC5-DD0F-4CA2-B362-CF8F7E92B5E7,3,2026-04-12 21:00:00.0000000,2026-04-13 05:00:00.0000000
2306921,2026-04-13 02:00:00,782.7,7681,3.44,19.45,100.0,6.5,300,2,7681,C6C15CC5-DD0F-4CA2-B362-CF8F7E92B5E7,3,2026-04-12 21:00:00.0000000,2026-04-13 05:00:00.0000000
2307209,2026-04-13 02:00:00,816.5,7681,1.33,13.67,100.0,2.6,300,4,7681,C6C15CC5-DD0F-4CA2-B362-CF8F7E92B5E7,3,2026-04-12 21:00:00.0000000,2026-04-13 05:00:00.0000000
2307497,2026-04-13 02:00:00,0.0,7681,0.21,6.04,100.0,1.1,0,0,7681,C6C15CC5-DD0F-4CA2-B362-CF8F7E92B5E7,3,2026-04-12 21:00:00.0000000,2026-04-13 05:00:00.0000000
2307785,2026-04-13 02:00:00,931.0,7681,0.49,6.4,100.0,2.9,300,3,7681,C6C15CC5-DD0F-4CA2-B362-CF8F7E92B5E7,3,2026-04-12 21:00:00.0000000,2026-04-13 05:00:00.0000000
2307786,2026-04-13 02:05:00,610.0,7681,0.54,6.81,100.0,3.0,300,2,7681,C6C15CC5-DD0F-4CA2-B362-CF8F7E92B5E7,3,2026-04-12 21:00:00.0000000,2026-04-13 05:00:00.0000000
2307498,2026-04-13 02:05:00,0.0,7681,0.21,6.04,100.0,1.1,0,0,7681,C6C15CC5-DD0F-4CA2-B362-CF8F7E92B5E7,3,2026-04-12 21:00:00.0000000,2026-04-13 05:00:00.0000000
2307210,2026-04-13 02:05:00,600.6,7681,1.44,14.29,100.0,2.7,300,3,7681,C6C15CC5-DD0F-4CA2-B362-CF8F7E92B5E7,3,2026-04-12 21:00:00.0000000,2026-04-13 05:00:00.0000000
2306922,2026-04-13 02:05:00,401.3,7681,3.51,19.45,100.0,6.4,300,1,7681,C6C15CC5-DD0F-4CA2-B362-CF8F7E92B5E7,3,2026-04-12 21:00:00.0000000,2026-04-13 05:00:00.0000000
2306923,2026-04-13 02:10:00,711.2,7681,3.65,19.85,100.0,6.4,300,2,7681,C6C15CC5-DD0F-4CA2-B362-CF8F7E92B5E7,3,2026-04-12 21:00:00.0000000,2026-04-13 05:00:00.0000000
2307211,2026-04-13 02:10:00,574.4,7681,1.57,15.09,100.0,2.8,300,3,7681,C6C15CC5-DD0F-4CA2-B362-CF8F7E92B5E7,3,2026-04-12 21:00:00.0000000,2026-04-13 05:00:00.0000000
2307499,2026-04-13 02:10:00,0.0,7681,0.21,6.04,100.0,1.1,0,0,7681,C6C15CC5-DD0F-4CA2-B362-CF8F7E92B5E7,3,2026-04-12 21:00:00.0000000,2026-04-13 05:00:00.0000000
2307787,2026-04-13 02:10:00,622.5,7681,0.58,6.94,100.0,3.0,300,2,7681,C6C15CC5-DD0F-4CA2-B362-CF8F7E92B5E7,3,2026-04-12 21:00:00.0000000,2026-04-13 05:00:00.0000000
2307788,2026-04-13 02:15:00,953.5,7681,0.64,7.36,100.0,3.2,300,3,7681,C6C15CC5-DD0F-4CA2-B362-CF8F7E92B5E7,3,2026-04-12 21:00:00.0000000,2026-04-13 05:00:00.0000000
2307500,2026-04-13 02:15:00,0.0,7681,0.21,6.04,100.0,1.1,0,0,7681,C6C15CC5-DD0F-4CA2-B362-CF8F7E92B5E7,3,2026-04-12 21:00:00.0000000,2026-04-13 05:00:00.0000000
2307212,2026-04-13 02:15:00,566.3,7681,1.69,15.68,100.0,2.8,300,3,7681,C6C15CC5-DD0F-4CA2-B362-CF8F7E92B5E7,3,2026-04-12 21:00:00.0000000,2026-04-13 05:00:00.0000000
2306924,2026-04-13 02:15:00,352.5,7681,3.81,20.32,100.0,6.4,300,2,7681,C6C15CC5-DD0F-4CA2-B362-CF8F7E92B5E7,3,2026-04-12 21:00:00.0000000,2026-04-13 05:00:00.0000000
2306925,2026-04-13 02:20:00,781.6,7681,3.97,20.78,100.0,6.5,300,3,7681,C6C15CC5-DD0F-4CA2-B362-CF8F7E92B5E7,3,2026-04-12 21:00:00.0000000,2026-04-13 05:00:00.0000000
2307213,2026-04-13 02:20:00,540.6,7681,1.78,16.04,100.0,2.9,300,3,7681,C6C15CC5-DD0F-4CA2-B362-CF8F7E92B5E7,3,2026-04-12 21:00:00.0000000,2026-04-13 05:00:00.0000000
2307501,2026-04-13 02:20:00,0.0,7681,0.21,6.04,100.0,1.1,0,0,7681,C6C15CC5-DD0F-4CA2-B362-CF8F7E92B5E7,3,2026-04-12 21:00:00.0000000,2026-04-13 05:00:00.0000000
2307789,2026-04-13 02:20:00,626.5,7681,0.7,7.77,100.0,3.3,300,2,7681,C6C15CC5-DD0F-4CA2-B362-CF8F7E92B5E7,3,2026-04-12 21:00:00.0000000,2026-04-13 05:00:00.0000000
2307790,2026-04-13 02:25:00,943.0,7681,0.76,8.05,100.0,3.4,300,3,7681,C6C15CC5-DD0F-4CA2-B362-CF8F7E92B5E7,3,2026-04-12 21:00:00.0000000,2026-04-13 05:00:00.0000000
2307502,2026-04-13 02:25:00,0.0,7681,0.21,6.04,100.0,1.1,0,0,7681,C6C15CC5-DD0F-4CA2-B362-CF8F7E92B5E7,3,2026-04-12 21:00:00.0000000,2026-04-13 05:00:00.0000000
2307214,2026-04-13 02:25:00,364.8,7681,1.89,16.45,100.0,2.9,300,2,7681,C6C15CC5-DD0F-4CA2-B362-CF8F7E92B5E7,3,2026-04-12 21:00:00.0000000,2026-04-13 05:00:00.0000000
2306926,2026-04-13 02:25:00,444.9,7681,4.07,20.95,100.0,6.4,300,2,7681,C6C15CC5-DD0F-4CA2-B362-CF8F7E92B5E7,3,2026-04-12 21:00:00.0000000,2026-04-13 05:00:00.0000000
2306927,2026-04-13 02:30:00,735.8,7681,4.25,21.49,100.0,6.5,300,2,7681,C6C15CC5-DD0F-4CA2-B362-CF8F7E92B5E7,3,2026-04-12 21:00:00.0000000,2026-04-13 05:00:00.0000000
2307215,2026-04-13 02:30:00,568.5,7681,2.03,17.22,100.0,3.0,300,3,7681,C6C15CC5-DD0F-4CA2-B362-CF8F7E92B5E7,3,2026-04-12 21:00:00.0000000,2026-04-13 05:00:00.0000000
2307503,2026-04-13 02:30:00,0.0,7681,0.21,6.04,100.0,1.0,0,0,7681,C6C15CC5-DD0F-4CA2-B362-CF8F7E92B5E7,3,2026-04-12 21:00:00.0000000,2026-04-13 05:00:00.0000000
2307791,2026-04-13 02:30:00,625.5,7681,0.82,8.46,100.0,3.5,300,2,7681,C6C15CC5-DD0F-4CA2-B362-CF8F7E92B5E7,3,2026-04-12 21:00:00.0000000,2026-04-13 05:00:00.0000000
2307792,2026-04-13 02:35:00,950.5,7681,0.88,8.74,100.0,3.5,300,3,7681,C6C15CC5-DD0F-4CA2-B362-CF8F7E92B5E7,3,2026-04-12 21:00:00.0000000,2026-04-13 05:00:00.0000000
2307504,2026-04-13 02:35:00,0.0,7681,0.21,6.04,100.0,1.0,0,0,7681,C6C15CC5-DD0F-4CA2-B362-CF8F7E92B5E7,3,2026-04-12 21:00:00.0000000,2026-04-13 05:00:00.0000000
2307216,2026-04-13 02:35:00,555.8,7681,2.14,17.59,100.0,3.0,300,3,7681,C6C15CC5-DD0F-4CA2-B362-CF8F7E92B5E7,3,2026-04-12 21:00:00.0000000,2026-04-13 05:00:00.0000000
2306928,2026-04-13 02:35:00,713.9,7681,4.37,21.72,100.0,6.5,300,3,7681,C6C15CC5-DD0F-4CA2-B362-CF8F7E92B5E7,3,2026-04-12 21:00:00.0000000,2026-04-13 05:00:00.0000000
2306929,2026-04-13 02:40:00,554.0,7681,4.52,22.04,100.0,6.5,300,2,7681,C6C15CC5-DD0F-4CA2-B362-CF8F7E92B5E7,3,2026-04-12 21:00:00.0000000,2026-04-13 05:00:00.0000000
2307217,2026-04-13 02:40:00,365.7,7681,2.25,17.97,100.0,3.0,300,2,7681,C6C15CC5-DD0F-4CA2-B362-CF8F7E92B5E7,3,2026-04-12 21:00:00.0000000,2026-04-13 05:00:00.0000000
2307505,2026-04-13 02:40:00,0.0,7681,0.21,6.04,100.0,1.0,0,0,7681,C6C15CC5-DD0F-4CA2-B362-CF8F7E92B5E7,3,2026-04-12 21:00:00.0000000,2026-04-13 05:00:00.0000000
2307793,2026-04-13 02:40:00,633.5,7681,0.94,9.02,100.0,3.6,300,2,7681,C6C15CC5-DD0F-4CA2-B362-CF8F7E92B5E7,3,2026-04-12 21:00:00.0000000,2026-04-13 05:00:00.0000000
2307794,2026-04-13 02:45:00,936.0,7681,1.01,9.43,100.0,3.7,300,3,7681,C6C15CC5-DD0F-4CA2-B362-CF8F7E92B5E7,3,2026-04-12 21:00:00.0000000,2026-04-13 05:00:00.0000000
2307506,2026-04-13 02:45:00,0.0,7681,0.21,6.04,100.0,1.0,0,0,7681,C6C15CC5-DD0F-4CA2-B362-CF8F7E92B5E7,3,2026-04-12 21:00:00.0000000,2026-04-13 05:00:00.0000000
2307218,2026-04-13 02:45:00,529.8,7681,2.38,18.56,100.0,3.1,300,3,7681,C6C15CC5-DD0F-4CA2-B362-CF8F7E92B5E7,3,2026-04-12 21:00:00.0000000,2026-04-13 05:00:00.0000000
2306930,2026-04-13 02:45:00,513.8,7681,4.7,22.55,100.0,6.5,300,2,7681,C6C15CC5-DD0F-4CA2-B362-CF8F7E92B5E7,3,2026-04-12 21:00:00.0000000,2026-04-13 05:00:00.0000000
2306931,2026-04-13 02:50:00,464.4,7681,4.82,22.74,100.0,6.5,300,2,7681,C6C15CC5-DD0F-4CA2-B362-CF8F7E92B5E7,3,2026-04-12 21:00:00.0000000,2026-04-13 05:00:00.0000000
2307219,2026-04-13 02:50:00,388.3,7681,2.52,19.13,100.0,3.1,300,2,7681,C6C15CC5-DD0F-4CA2-B362-CF8F7E92B5E7,3,2026-04-12 21:00:00.0000000,2026-04-13 05:00:00.0000000
2307507,2026-04-13 02:50:00,0.0,7681,0.21,6.04,100.0,1.0,0,0,7681,C6C15CC5-DD0F-4CA2-B362-CF8F7E92B5E7,3,2026-04-12 21:00:00.0000000,2026-04-13 05:00:00.0000000
2307795,2026-04-13 02:50:00,617.0,7681,1.09,9.84,100.0,3.8,300,2,7681,C6C15CC5-DD0F-4CA2-B362-CF8F7E92B5E7,3,2026-04-12 21:00:00.0000000,2026-04-13 05:00:00.0000000
2307796,2026-04-13 02:55:00,924.0,7681,1.17,10.24,100.0,3.9,300,3,7681,C6C15CC5-DD0F-4CA2-B362-CF8F7E92B5E7,3,2026-04-12 21:00:00.0000000,2026-04-13 05:00:00.0000000
2307508,2026-04-13 02:55:00,0.0,7681,0.21,6.04,100.0,1.0,0,0,7681,C6C15CC5-DD0F-4CA2-B362-CF8F7E92B5E7,3,2026-04-12 21:00:00.0000000,2026-04-13 05:00:00.0000000
2307220,2026-04-13 02:55:00,553.4,7681,2.67,19.71,100.0,3.2,300,3,7681,C6C15CC5-DD0F-4CA2-B362-CF8F7E92B5E7,3,2026-04-12 21:00:00.0000000,2026-04-13 05:00:00.0000000
2306932,2026-04-13 02:55:00,693.3,7681,5.0,23.24,100.0,6.5,300,2,7681,C6C15CC5-DD0F-4CA2-B362-CF8F7E92B5E7,3,2026-04-12 21:00:00.0000000,2026-04-13 05:00:00.0000000
2306933,2026-04-13 03:00:00,778.8,7681,5.14,23.48,100.0,6.5,300,3,7681,C6C15CC5-DD0F-4CA2-B362-CF8F7E92B5E7,3,2026-04-12 21:00:00.0000000,2026-04-13 05:00:00.0000000
2307221,2026-04-13 03:00:00,357.1,7681,2.77,19.91,100.0,3.2,300,2,7681,C6C15CC5-DD0F-4CA2-B362-CF8F7E92B5E7,3,2026-04-12 21:00:00.0000000,2026-04-13 05:00:00.0000000
2307509,2026-04-13 03:00:00,0.0,7681,0.21,6.04,100.0,1.0,0,0,7681,C6C15CC5-DD0F-4CA2-B362-CF8F7E92B5E7,3,2026-04-12 21:00:00.0000000,2026-04-13 05:00:00.0000000
2307797,2026-04-13 03:00:00,623.0,7681,1.24,10.52,100.0,4.0,300,2,7681,C6C15CC5-DD0F-4CA2-B362-CF8F7E92B5E7,3,2026-04-12 21:00:00.0000000,2026-04-13 05:00:00.0000000
2307798,2026-04-13 03:05:00,946.5,7681,1.31,10.79,100.0,4.0,300,3,7681,C6C15CC5-DD0F-4CA2-B362-CF8F7E92B5E7,3,2026-04-12 21:00:00.0000000,2026-04-13 05:00:00.0000000
2307510,2026-04-13 03:05:00,0.0,7681,0.21,6.04,100.0,0.9,0,0,7681,C6C15CC5-DD0F-4CA2-B362-CF8F7E92B5E7,3,2026-04-12 21:00:00.0000000,2026-04-13 05:00:00.0000000
2307222,2026-04-13 03:05:00,554.3,7681,2.92,20.49,100.0,3.2,300,3,7681,C6C15CC5-DD0F-4CA2-B362-CF8F7E92B5E7,3,2026-04-12 21:00:00.0000000,2026-04-13 05:00:00.0000000
2306934,2026-04-13 03:05:00,465.8,7681,5.28,23.74,100.0,6.5,300,2,7681,C6C15CC5-DD0F-4CA2-B362-CF8F7E92B5E7,3,2026-04-12 21:00:00.0000000,2026-04-13 05:00:00.0000000
2306935,2026-04-13 03:10:00,401.6,7681,5.47,24.22,100.0,6.5,300,2,7681,C6C15CC5-DD0F-4CA2-B362-CF8F7E92B5E7,3,2026-04-12 21:00:00.0000000,2026-04-13 05:00:00.0000000
2307223,2026-04-13 03:10:00,609.9,7681,3.1,21.29,100.0,3.3,300,3,7681,C6C15CC5-DD0F-4CA2-B362-CF8F7E92B5E7,3,2026-04-12 21:00:00.0000000,2026-04-13 05:00:00.0000000
2307511,2026-04-13 03:10:00,0.0,7681,0.21,6.04,100.0,0.9,0,0,7681,C6C15CC5-DD0F-4CA2-B362-CF8F7E92B5E7,3,2026-04-12 21:00:00.0000000,2026-04-13 05:00:00.0000000
2307799,2026-04-13 03:10:00,624.0,7681,1.4,11.21,100.0,4.1,300,2,7681,C6C15CC5-DD0F-4CA2-B362-CF8F7E92B5E7,3,2026-04-12 21:00:00.0000000,2026-04-13 05:00:00.0000000
2307800,2026-04-13 03:15:00,953.0,7681,1.49,11.62,100.0,4.2,300,3,7681,C6C15CC5-DD0F-4CA2-B362-CF8F7E92B5E7,3,2026-04-12 21:00:00.0000000,2026-04-13 05:00:00.0000000
2307512,2026-04-13 03:15:00,0.0,7681,0.21,6.04,100.0,0.9,0,0,7681,C6C15CC5-DD0F-4CA2-B362-CF8F7E92B5E7,3,2026-04-12 21:00:00.0000000,2026-04-13 05:00:00.0000000
2307224,2026-04-13 03:15:00,562.0,7681,3.24,21.68,100.0,3.3,300,3,7681,C6C15CC5-DD0F-4CA2-B362-CF8F7E92B5E7,3,2026-04-12 21:00:00.0000000,2026-04-13 05:00:00.0000000
2306936,2026-04-13 03:15:00,830.5,7681,5.65,24.66,100.0,6.6,300,3,7681,C6C15CC5-DD0F-4CA2-B362-CF8F7E92B5E7,3,2026-04-12 21:00:00.0000000,2026-04-13 05:00:00.0000000
2306937,2026-04-13 03:20:00,728.2,7681,5.85,25.14,100.0,6.6,300,2,7681,C6C15CC5-DD0F-4CA2-B362-CF8F7E92B5E7,3,2026-04-12 21:00:00.0000000,2026-04-13 05:00:00.0000000
2307225,2026-04-13 03:20:00,165.1,7681,3.37,22.05,100.0,3.3,300,1,7681,C6C15CC5-DD0F-4CA2-B362-CF8F7E92B5E7,3,2026-04-12 21:00:00.0000000,2026-04-13 05:00:00.0000000
2307513,2026-04-13 03:20:00,0.0,7681,0.21,6.04,100.0,0.9,0,0,7681,C6C15CC5-DD0F-4CA2-B362-CF8F7E92B5E7,3,2026-04-12 21:00:00.0000000,2026-04-13 05:00:00.0000000
2307801,2026-04-13 03:20:00,943.0,7681,1.57,11.9,100.0,4.2,300,3,7681,C6C15CC5-DD0F-4CA2-B362-CF8F7E92B5E7,3,2026-04-12 21:00:00.0000000,2026-04-13 05:00:00.0000000
2307802,2026-04-13 03:25:00,314.5,7681,1.65,12.17,100.0,4.3,300,1,7681,C6C15CC5-DD0F-4CA2-B362-CF8F7E92B5E7,3,2026-04-12 21:00:00.0000000,2026-04-13 05:00:00.0000000
2307514,2026-04-13 03:25:00,0.0,7681,0.21,6.04,100.0,0.9,0,0,7681,C6C15CC5-DD0F-4CA2-B362-CF8F7E92B5E7,3,2026-04-12 21:00:00.0000000,2026-04-13 05:00:00.0000000
2307226,2026-04-13 03:25:00,594.9,7681,3.54,22.67,100.0,3.4,300,3,7681,C6C15CC5-DD0F-4CA2-B362-CF8F7E92B5E7,3,2026-04-12 21:00:00.0000000,2026-04-13 05:00:00.0000000
2306938,2026-04-13 03:25:00,826.3,7681,6.01,25.44,100.0,6.6,300,3,7681,C6C15CC5-DD0F-4CA2-B362-CF8F7E92B5E7,3,2026-04-12 21:00:00.0000000,2026-04-13 05:00:00.0000000
2306939,2026-04-13 03:30:00,531.8,7681,6.17,25.76,100.0,6.6,300,2,7681,C6C15CC5-DD0F-4CA2-B362-CF8F7E92B5E7,3,2026-04-12 21:00:00.0000000,2026-04-13 05:00:00.0000000
2307227,2026-04-13 03:30:00,558.2,7681,3.68,23.05,100.0,3.4,300,3,7681,C6C15CC5-DD0F-4CA2-B362-CF8F7E92B5E7,3,2026-04-12 21:00:00.0000000,2026-04-13 05:00:00.0000000
2307515,2026-04-13 03:30:00,0.0,7681,0.21,6.04,100.0,0.9,0,0,7681,C6C15CC5-DD0F-4CA2-B362-CF8F7E92B5E7,3,2026-04-12 21:00:00.0000000,2026-04-13 05:00:00.0000000
2307803,2026-04-13 03:30:00,324.5,7681,1.69,12.17,100.0,4.3,300,1,7681,C6C15CC5-DD0F-4CA2-B362-CF8F7E92B5E7,3,2026-04-12 21:00:00.0000000,2026-04-13 05:00:00.0000000
2307804,2026-04-13 03:35:00,620.5,7681,1.79,12.59,100.0,4.3,300,2,7681,C6C15CC5-DD0F-4CA2-B362-CF8F7E92B5E7,3,2026-04-12 21:00:00.0000000,2026-04-13 05:00:00.0000000
2307516,2026-04-13 03:35:00,0.0,7681,0.21,6.04,100.0,0.9,0,0,7681,C6C15CC5-DD0F-4CA2-B362-CF8F7E92B5E7,3,2026-04-12 21:00:00.0000000,2026-04-13 05:00:00.0000000
2307228,2026-04-13 03:35:00,393.6,7681,3.82,23.42,100.0,3.4,300,2,7681,C6C15CC5-DD0F-4CA2-B362-CF8F7E92B5E7,3,2026-04-12 21:00:00.0000000,2026-04-13 05:00:00.0000000
2306940,2026-04-13 03:35:00,512.1,7681,6.36,26.15,100.0,6.6,300,2,7681,C6C15CC5-DD0F-4CA2-B362-CF8F7E92B5E7,3,2026-04-12 21:00:00.0000000,2026-04-13 05:00:00.0000000
2306941,2026-04-13 03:40:00,867.4,7681,6.58,26.7,100.0,6.7,300,3,7681,C6C15CC5-DD0F-4CA2-B362-CF8F7E92B5E7,3,2026-04-12 21:00:00.0000000,2026-04-13 05:00:00.0000000
2307229,2026-04-13 03:40:00,562.2,7681,4.01,24.08,100.0,3.4,300,3,7681,C6C15CC5-DD0F-4CA2-B362-CF8F7E92B5E7,3,2026-04-12 21:00:00.0000000,2026-04-13 05:00:00.0000000
2307517,2026-04-13 03:40:00,0.0,7681,0.21,6.04,100.0,0.9,0,0,7681,C6C15CC5-DD0F-4CA2-B362-CF8F7E92B5E7,3,2026-04-12 21:00:00.0000000,2026-04-13 05:00:00.0000000
2307805,2026-04-13 03:40:00,965.5,7681,1.88,12.87,100.0,4.4,300,3,7681,C6C15CC5-DD0F-4CA2-B362-CF8F7E92B5E7,3,2026-04-12 21:00:00.0000000,2026-04-13 05:00:00.0000000
2307806,2026-04-13 03:45:00,634.0,7681,1.98,13.29,100.0,4.4,300,2,7681,C6C15CC5-DD0F-4CA2-B362-CF8F7E92B5E7,3,2026-04-12 21:00:00.0000000,2026-04-13 05:00:00.0000000
2307518,2026-04-13 03:45:00,0.0,7681,0.21,6.04,100.0,0.9,0,0,7681,C6C15CC5-DD0F-4CA2-B362-CF8F7E92B5E7,3,2026-04-12 21:00:00.0000000,2026-04-13 05:00:00.0000000
2307230,2026-04-13 03:45:00,584.4,7681,4.23,24.86,100.0,3.5,300,3,7681,C6C15CC5-DD0F-4CA2-B362-CF8F7E92B5E7,3,2026-04-12 21:00:00.0000000,2026-04-13 05:00:00.0000000
2306942,2026-04-13 03:45:00,732.5,7681,6.69,26.77,100.0,6.7,300,2,7681,C6C15CC5-DD0F-4CA2-B362-CF8F7E92B5E7,3,2026-04-12 21:00:00.0000000,2026-04-13 05:00:00.0000000
2306943,2026-04-13 03:50:00,399.1,7681,6.91,27.27,100.0,6.7,300,2,7681,C6C15CC5-DD0F-4CA2-B362-CF8F7E92B5E7,3,2026-04-12 21:00:00.0000000,2026-04-13 05:00:00.0000000
2307231,2026-04-13 03:50:00,364.8,7681,4.34,25.02,100.0,3.5,300,2,7681,C6C15CC5-DD0F-4CA2-B362-CF8F7E92B5E7,3,2026-04-12 21:00:00.0000000,2026-04-13 05:00:00.0000000
2307519,2026-04-13 03:50:00,0.0,7681,0.21,6.04,100.0,0.8,0,0,7681,C6C15CC5-DD0F-4CA2-B362-CF8F7E92B5E7,3,2026-04-12 21:00:00.0000000,2026-04-13 05:00:00.0000000
2307807,2026-04-13 03:50:00,954.5,7681,2.07,13.57,100.0,4.5,300,3,7681,C6C15CC5-DD0F-4CA2-B362-CF8F7E92B5E7,3,2026-04-12 21:00:00.0000000,2026-04-13 05:00:00.0000000
2307808,2026-04-13 03:55:00,632.0,7681,2.16,13.85,100.0,4.5,300,2,7681,C6C15CC5-DD0F-4CA2-B362-CF8F7E92B5E7,3,2026-04-12 21:00:00.0000000,2026-04-13 05:00:00.0000000
2307520,2026-04-13 03:55:00,0.0,7681,0.21,6.04,100.0,0.8,0,0,7681,C6C15CC5-DD0F-4CA2-B362-CF8F7E92B5E7,3,2026-04-12 21:00:00.0000000,2026-04-13 05:00:00.0000000
2307232,2026-04-13 03:55:00,548.2,7681,4.54,25.64,100.0,3.5,300,3,7681,C6C15CC5-DD0F-4CA2-B362-CF8F7E92B5E7,3,2026-04-12 21:00:00.0000000,2026-04-13 05:00:00.0000000
2306944,2026-04-13 03:55:00,536.2,7681,7.13,27.77,100.0,6.7,300,2,7681,C6C15CC5-DD0F-4CA2-B362-CF8F7E92B5E7,3,2026-04-12 21:00:00.0000000,2026-04-13 05:00:00.0000000
2306945,2026-04-13 04:00:00,763.2,7681,7.35,28.22,100.0,6.7,300,3,7681,C6C15CC5-DD0F-4CA2-B362-CF8F7E92B5E7,3,2026-04-12 21:00:00.0000000,2026-04-13 05:00:00.0000000
2307233,2026-04-13 04:00:00,587.4,7681,4.74,26.24,100.0,3.6,300,3,7681,C6C15CC5-DD0F-4CA2-B362-CF8F7E92B5E7,3,2026-04-12 21:00:00.0000000,2026-04-13 05:00:00.0000000
2307521,2026-04-13 04:00:00,0.0,7681,0.21,6.04,100.0,0.8,0,0,7681,C6C15CC5-DD0F-4CA2-B362-CF8F7E92B5E7,3,2026-04-12 21:00:00.0000000,2026-04-13 05:00:00.0000000
2307809,2026-04-13 04:00:00,939.0,7681,2.28,14.26,100.0,4.6,300,3,7681,C6C15CC5-DD0F-4CA2-B362-CF8F7E92B5E7,3,2026-04-12 21:00:00.0000000,2026-04-13 05:00:00.0000000
2307810,2026-04-13 04:05:00,621.5,7681,2.39,14.67,100.0,4.7,300,2,7681,C6C15CC5-DD0F-4CA2-B362-CF8F7E92B5E7,3,2026-04-12 21:00:00.0000000,2026-04-13 05:00:00.0000000
2307522,2026-04-13 04:05:00,0.0,7681,0.21,6.04,100.0,0.8,0,0,7681,C6C15CC5-DD0F-4CA2-B362-CF8F7E92B5E7,3,2026-04-12 21:00:00.0000000,2026-04-13 05:00:00.0000000
2307234,2026-04-13 04:05:00,368.1,7681,4.89,26.59,100.0,3.6,300,2,7681,C6C15CC5-DD0F-4CA2-B362-CF8F7E92B5E7,3,2026-04-12 21:00:00.0000000,2026-04-13 05:00:00.0000000
2306946,2026-04-13 04:05:00,810.2,7681,7.51,28.47,100.0,6.7,300,3,7681,C6C15CC5-DD0F-4CA2-B362-CF8F7E92B5E7,3,2026-04-12 21:00:00.0000000,2026-04-13 05:00:00.0000000
